county,date,ML,Low_90,High_90,Low_50,High_50
Bexar,2020-04-02,2.61,0.6,4.3500000000000005,1.68,3.27
Bexar,2020-04-03,2.35,0.89,3.58,1.69,2.8000000000000003
Bexar,2020-04-04,2.07,0.92,3.09,1.58,2.47
Bexar,2020-04-05,1.78,0.79,2.68,1.31,2.09
Bexar,2020-04-06,1.58,0.66,2.39,1.17,1.8800000000000001
Bexar,2020-04-07,1.51,0.68,2.3000000000000003,1.1,1.77
Bexar,2020-04-08,1.4000000000000001,0.6,2.15,1.01,1.6500000000000001
Bexar,2020-04-09,1.4000000000000001,0.62,2.12,1.03,1.6500000000000001
Bexar,2020-04-10,1.4000000000000001,0.63,2.09,1.05,1.6500000000000001
Bexar,2020-04-11,1.27,0.51,1.94,0.91,1.5
Bexar,2020-04-12,1.11,0.33,1.75,0.74,1.33
Bexar,2020-04-13,1.03,0.28,1.69,0.67,1.26
Bexar,2020-04-14,0.92,0.15,1.54,0.56,1.1500000000000001
Bexar,2020-04-15,0.9,0.15,1.54,0.52,1.12
Bexar,2020-04-16,0.91,0.13,1.54,0.59,1.19
Bexar,2020-04-17,0.86,0.11,1.5,0.47000000000000003,1.08
Bexar,2020-04-18,0.81,0.05,1.43,0.42,1.03
Bexar,2020-04-19,0.76,0.03,1.3900000000000001,0.37,0.98
Bexar,2020-04-20,0.68,0.02,1.33,0.3,0.9
Bexar,2020-04-21,0.79,0.03,1.43,0.37,1.0
Bexar,2020-04-22,0.88,0.09,1.55,0.49,1.1300000000000001
Bexar,2020-04-23,0.96,0.14,1.6400000000000001,0.63,1.27
Bexar,2020-04-24,0.96,0.16,1.6500000000000001,0.59,1.23
Bexar,2020-04-25,0.9,0.1,1.56,0.49,1.1300000000000001
Bexar,2020-04-26,0.77,0.01,1.4000000000000001,0.41000000000000003,1.03
Bexar,2020-04-27,0.67,0.0,1.33,0.3,0.91
Bexar,2020-04-28,0.7000000000000001,0.0,1.37,0.35000000000000003,0.97
Bexar,2020-04-29,0.97,0.13,1.6600000000000001,0.6,1.26
Bexar,2020-04-30,1.34,0.51,2.1,0.9400000000000001,1.6
Bexar,2020-05-01,1.58,0.79,2.31,1.18,1.81
Bexar,2020-05-02,1.6600000000000001,0.88,2.33,1.28,1.8800000000000001
Bexar,2020-05-03,1.51,0.77,2.16,1.18,1.75
Bexar,2020-05-04,1.32,0.6,1.96,0.98,1.54
Bexar,2020-05-05,1.11,0.39,1.74,0.76,1.32
Bexar,2020-05-06,0.9400000000000001,0.22,1.56,0.61,1.17
Bexar,2020-05-07,0.92,0.2,1.55,0.58,1.1500000000000001
Bexar,2020-05-08,0.91,0.16,1.52,0.54,1.12
Bexar,2020-05-09,0.84,0.11,1.45,0.49,1.07
Bexar,2020-05-10,0.77,0.05,1.37,0.43,1.01
Bexar,2020-05-11,0.53,0.0,1.17,0.22,0.76
Brazoria,2020-03-30,0.35000000000000003,0.0,3.96,0.07,1.87
Brazoria,2020-03-31,1.67,0.0,3.5500000000000003,0.62,2.3000000000000003
Brazoria,2020-04-01,1.6300000000000001,0.03,3.13,0.84,2.27
Brazoria,2020-04-02,1.44,0.02,2.74,0.71,1.96
Brazoria,2020-04-03,1.33,0.05,2.5300000000000002,0.63,1.77
Brazoria,2020-04-04,1.1400000000000001,0.0,2.25,0.5,1.54
Brazoria,2020-04-05,0.88,0.0,2.0,0.27,1.21
Brazoria,2020-04-06,0.88,0.0,1.96,0.28,1.2
Brazoria,2020-04-07,0.98,0.0,2.0,0.38,1.31
Brazoria,2020-04-08,1.06,0.03,2.05,0.47000000000000003,1.4000000000000001
Brazoria,2020-04-09,1.04,0.01,1.99,0.46,1.37
Brazoria,2020-04-10,1.11,0.08,2.07,0.59,1.49
Brazoria,2020-04-11,1.08,0.07,2.02,0.61,1.49
Brazoria,2020-04-12,1.06,0.04,1.96,0.54,1.41
Brazoria,2020-04-13,0.98,0.0,1.85,0.43,1.28
Brazoria,2020-04-14,0.97,0.02,1.85,0.45,1.29
Brazoria,2020-04-15,0.96,0.01,1.83,0.4,1.24
Brazoria,2020-04-16,0.9500000000000001,0.0,1.81,0.44,1.27
Brazoria,2020-04-17,0.9400000000000001,0.01,1.81,0.41000000000000003,1.24
Brazoria,2020-04-18,0.93,0.02,1.81,0.47000000000000003,1.29
Brazoria,2020-04-19,0.93,0.0,1.79,0.43,1.25
Brazoria,2020-04-20,1.06,0.05,1.92,0.56,1.4000000000000001
Brazoria,2020-04-21,1.1,0.07,1.96,0.6,1.44
Brazoria,2020-04-22,1.26,0.21,2.16,0.77,1.61
Brazoria,2020-04-23,1.3800000000000001,0.32,2.2800000000000002,0.9400000000000001,1.76
Brazoria,2020-04-24,1.32,0.3,2.2,0.86,1.6600000000000001
Brazoria,2020-04-25,1.22,0.23,2.07,0.8,1.58
Brazoria,2020-04-26,1.09,0.11,1.8800000000000001,0.64,1.41
Brazoria,2020-04-27,0.92,0.03,1.69,0.49,1.24
Brazoria,2020-04-28,0.92,0.01,1.68,0.43,1.19
Brazoria,2020-04-29,0.91,0.03,1.7,0.45,1.21
Brazoria,2020-04-30,0.91,0.0,1.68,0.48,1.24
Brazoria,2020-05-01,0.96,0.03,1.75,0.54,1.31
Brazoria,2020-05-02,0.96,0.05,1.76,0.52,1.29
Brazoria,2020-05-03,0.8300000000000001,0.0,1.6300000000000001,0.38,1.1300000000000001
Brazoria,2020-05-04,0.77,0.0,1.6,0.31,1.05
Brazoria,2020-05-05,0.7000000000000001,0.0,1.57,0.24,0.97
Brazoria,2020-05-06,0.85,0.02,1.69,0.37,1.1400000000000001
Brazoria,2020-05-07,1.04,0.1,1.8900000000000001,0.5700000000000001,1.37
Brazoria,2020-05-08,1.08,0.1,1.9100000000000001,0.59,1.3900000000000001
Brazoria,2020-05-09,1.06,0.08,1.87,0.59,1.3800000000000001
Brazoria,2020-05-10,1.05,0.08,1.85,0.6,1.3800000000000001
Brazoria,2020-05-11,0.87,0.0,1.6500000000000001,0.44,1.19
Brazos,2020-05-09,1.67,0.0,4.34,0.34,2.41
Brazos,2020-05-10,0.47000000000000003,0.0,3.04,0.17,1.57
Brazos,2020-05-11,0.46,0.0,2.52,0.13,1.27
Cameron,2020-04-04,2.2800000000000002,0.0,4.74,1.05,3.29
Cameron,2020-04-05,1.6,0.0,3.41,0.64,2.25
Cameron,2020-04-06,1.18,0.0,2.73,0.33,1.62
Cameron,2020-04-07,1.29,0.02,2.63,0.54,1.76
Cameron,2020-04-08,1.34,0.03,2.54,0.66,1.81
Cameron,2020-04-09,1.58,0.21,2.74,1.01,2.11
Cameron,2020-04-10,1.55,0.27,2.65,0.92,1.95
Cameron,2020-04-11,1.52,0.31,2.57,1.01,1.97
Cameron,2020-04-12,1.49,0.35000000000000003,2.5100000000000002,1.01,1.92
Cameron,2020-04-13,1.4000000000000001,0.26,2.33,0.9400000000000001,1.81
Cameron,2020-04-14,1.28,0.2,2.17,0.84,1.68
Cameron,2020-04-15,1.18,0.17,2.06,0.73,1.55
Cameron,2020-04-16,1.1,0.1,1.93,0.61,1.42
Cameron,2020-04-17,1.02,0.04,1.82,0.52,1.32
Cameron,2020-04-18,0.89,0.0,1.69,0.38,1.16
Cameron,2020-04-19,0.75,0.0,1.6,0.27,1.02
Cameron,2020-04-20,0.5700000000000001,0.0,1.53,0.18,0.89
Cameron,2020-04-21,0.49,0.0,1.51,0.17,0.86
Cameron,2020-04-22,0.58,0.0,1.58,0.19,0.92
Cameron,2020-04-23,0.6900000000000001,0.0,1.6500000000000001,0.29,1.05
Cameron,2020-04-24,0.79,0.0,1.72,0.33,1.12
Cameron,2020-04-25,0.8,0.0,1.72,0.36,1.1500000000000001
Cameron,2020-04-26,0.8,0.0,1.72,0.28,1.08
Cameron,2020-04-27,0.73,0.0,1.67,0.22,1.0
Cameron,2020-04-28,0.73,0.0,1.68,0.25,1.03
Cameron,2020-04-29,0.74,0.0,1.69,0.29,1.07
Cameron,2020-04-30,0.74,0.0,1.7,0.24,1.03
Cameron,2020-05-01,0.75,0.0,1.7,0.26,1.05
Cameron,2020-05-02,0.76,0.0,1.71,0.29,1.08
Cameron,2020-05-03,0.67,0.0,1.6600000000000001,0.22,0.99
Cameron,2020-05-04,0.68,0.0,1.67,0.28,1.05
Cameron,2020-05-05,0.68,0.0,1.68,0.22,1.0
Cameron,2020-05-06,0.87,0.0,1.8,0.37,1.2
Cameron,2020-05-07,0.9500000000000001,0.0,1.85,0.4,1.25
Cameron,2020-05-08,1.02,0.04,1.92,0.53,1.3800000000000001
Cameron,2020-05-09,0.9400000000000001,0.01,1.82,0.43,1.26
Cameron,2020-05-10,0.86,0.0,1.75,0.35000000000000003,1.16
Cameron,2020-05-11,0.78,0.0,1.7,0.29,1.08
Collin,2020-04-08,1.26,0.0,3.0100000000000002,0.48,1.9000000000000001
Collin,2020-04-09,1.26,0.05,2.5,0.54,1.68
Collin,2020-04-10,0.85,0.0,1.94,0.31,1.21
Collin,2020-04-11,0.6900000000000001,0.0,1.72,0.2,1.0
Collin,2020-04-12,0.4,0.0,1.43,0.13,0.77
Collin,2020-04-13,0.38,0.0,1.36,0.13,0.73
Collin,2020-04-14,0.36,0.0,1.3,0.11,0.68
Collin,2020-04-15,0.36,0.0,1.3,0.09,0.66
Collin,2020-04-16,0.37,0.0,1.29,0.08,0.65
Collin,2020-04-17,0.37,0.0,1.29,0.07,0.64
Collin,2020-04-18,0.36,0.0,1.29,0.06,0.63
Collin,2020-04-19,0.42,0.0,1.37,0.11,0.72
Collin,2020-04-20,0.49,0.0,1.45,0.17,0.8200000000000001
Collin,2020-04-21,0.64,0.0,1.57,0.27,0.98
Collin,2020-04-22,0.93,0.04,1.8,0.46,1.25
Collin,2020-04-23,1.05,0.1,1.9100000000000001,0.5700000000000001,1.37
Collin,2020-04-24,1.09,0.11,1.92,0.62,1.41
Collin,2020-04-25,1.02,0.11,1.85,0.56,1.33
Collin,2020-04-26,0.91,0.03,1.69,0.45,1.2
Collin,2020-04-27,0.8,0.0,1.58,0.33,1.06
Collin,2020-04-28,0.75,0.0,1.55,0.29,1.01
Collin,2020-04-29,0.8200000000000001,0.0,1.61,0.35000000000000003,1.09
Collin,2020-04-30,1.0,0.11,1.83,0.53,1.3
Collin,2020-05-01,1.04,0.11,1.85,0.5700000000000001,1.34
Collin,2020-05-02,1.03,0.07,1.8,0.59,1.35
Collin,2020-05-03,1.02,0.09,1.8,0.54,1.3
Collin,2020-05-04,0.91,0.02,1.6600000000000001,0.45,1.19
Collin,2020-05-05,0.85,0.03,1.6300000000000001,0.42,1.1500000000000001
Collin,2020-05-06,0.86,0.02,1.6300000000000001,0.37,1.11
Collin,2020-05-07,0.91,0.06,1.71,0.44,1.19
Collin,2020-05-08,0.97,0.05,1.74,0.47000000000000003,1.23
Collin,2020-05-09,0.96,0.06,1.74,0.52,1.27
Collin,2020-05-10,0.96,0.08,1.75,0.5,1.25
Collin,2020-05-11,0.9500000000000001,0.05,1.72,0.48,1.23
Dallas,2020-03-24,3.77,2.0300000000000002,5.24,2.99,4.3100000000000005
Dallas,2020-03-25,2.81,1.6500000000000001,3.84,2.29,3.19
Dallas,2020-03-26,2.33,1.4000000000000001,3.17,1.9000000000000001,2.63
Dallas,2020-03-27,1.8,0.97,2.54,1.3900000000000001,2.04
Dallas,2020-03-28,1.3800000000000001,0.59,2.07,1.01,1.62
Dallas,2020-03-29,1.27,0.51,1.94,0.92,1.51
Dallas,2020-03-30,1.26,0.53,1.93,0.9,1.48
Dallas,2020-03-31,1.45,0.71,2.08,1.1300000000000001,1.69
Dallas,2020-04-01,1.6,0.89,2.21,1.29,1.83
Dallas,2020-04-02,1.6,0.92,2.19,1.3,1.82
Dallas,2020-04-03,1.56,0.91,2.14,1.24,1.75
Dallas,2020-04-04,1.4000000000000001,0.77,1.97,1.08,1.58
Dallas,2020-04-05,1.26,0.64,1.83,0.97,1.46
Dallas,2020-04-06,1.11,0.48,1.67,0.8200000000000001,1.31
Dallas,2020-04-07,1.04,0.41000000000000003,1.61,0.72,1.22
Dallas,2020-04-08,1.07,0.42,1.6300000000000001,0.76,1.26
Dallas,2020-04-09,1.1300000000000001,0.48,1.69,0.8200000000000001,1.32
Dallas,2020-04-10,1.17,0.53,1.73,0.91,1.4000000000000001
Dallas,2020-04-11,1.17,0.53,1.72,0.87,1.36
Dallas,2020-04-12,1.09,0.47000000000000003,1.6500000000000001,0.78,1.27
Dallas,2020-04-13,1.05,0.43,1.61,0.74,1.23
Dallas,2020-04-14,0.96,0.35000000000000003,1.53,0.66,1.1500000000000001
Dallas,2020-04-15,1.01,0.38,1.57,0.73,1.22
Dallas,2020-04-16,1.1300000000000001,0.5,1.69,0.84,1.33
Dallas,2020-04-17,1.22,0.62,1.79,0.96,1.44
Dallas,2020-04-18,1.25,0.66,1.81,0.9400000000000001,1.42
Dallas,2020-04-19,1.18,0.58,1.72,0.9,1.37
Dallas,2020-04-20,1.05,0.43,1.57,0.76,1.23
Dallas,2020-04-21,0.9500000000000001,0.34,1.48,0.68,1.1500000000000001
Dallas,2020-04-22,0.8,0.18,1.32,0.5,0.98
Dallas,2020-04-23,0.73,0.13,1.26,0.47000000000000003,0.9500000000000001
Dallas,2020-04-24,0.75,0.14,1.29,0.48,0.97
Dallas,2020-04-25,0.8200000000000001,0.17,1.36,0.54,1.04
Dallas,2020-04-26,0.96,0.3,1.52,0.63,1.1400000000000001
Dallas,2020-04-27,1.12,0.49,1.7,0.8200000000000001,1.32
Dallas,2020-04-28,1.31,0.6900000000000001,1.87,1.0,1.49
Dallas,2020-04-29,1.5,0.91,2.05,1.22,1.69
Dallas,2020-04-30,1.6400000000000001,1.05,2.15,1.3900000000000001,1.84
Dallas,2020-05-01,1.72,1.17,2.22,1.49,1.92
Dallas,2020-05-02,1.77,1.23,2.24,1.5,1.92
Dallas,2020-05-03,1.74,1.23,2.2,1.5,1.9000000000000001
Dallas,2020-05-04,1.69,1.19,2.13,1.44,1.83
Dallas,2020-05-05,1.59,1.11,2.02,1.34,1.72
Dallas,2020-05-06,1.48,0.99,1.8900000000000001,1.25,1.62
Dallas,2020-05-07,1.37,0.88,1.77,1.12,1.49
Dallas,2020-05-08,1.25,0.78,1.6600000000000001,1.05,1.41
Dallas,2020-05-09,1.17,0.6900000000000001,1.57,0.96,1.32
Dallas,2020-05-10,1.11,0.63,1.51,0.9,1.26
Dallas,2020-05-11,1.07,0.59,1.47,0.86,1.22
Denton,2020-04-08,1.54,0.0,3.24,0.71,2.23
Denton,2020-04-09,1.3900000000000001,0.06,2.62,0.7000000000000001,1.87
Denton,2020-04-10,1.1500000000000001,0.05,2.19,0.54,1.52
Denton,2020-04-11,0.86,0.0,1.81,0.35000000000000003,1.19
Denton,2020-04-12,0.64,0.0,1.6,0.25,0.99
Denton,2020-04-13,0.62,0.0,1.55,0.27,0.98
Denton,2020-04-14,0.59,0.0,1.51,0.24,0.93
Denton,2020-04-15,0.64,0.0,1.52,0.22,0.92
Denton,2020-04-16,0.68,0.0,1.53,0.29,0.99
Denton,2020-04-17,0.58,0.0,1.46,0.21,0.88
Denton,2020-04-18,0.44,0.0,1.36,0.11,0.73
Denton,2020-04-19,0.39,0.0,1.31,0.09,0.68
Denton,2020-04-20,0.38,0.0,1.31,0.06,0.65
Denton,2020-04-21,0.45,0.0,1.3900000000000001,0.11,0.74
Denton,2020-04-22,0.59,0.0,1.51,0.2,0.89
Denton,2020-04-23,0.8200000000000001,0.01,1.67,0.33,1.09
Denton,2020-04-24,0.9500000000000001,0.04,1.78,0.47000000000000003,1.25
Denton,2020-04-25,0.9500000000000001,0.04,1.76,0.49,1.26
Denton,2020-04-26,0.84,0.0,1.6300000000000001,0.42,1.16
Denton,2020-04-27,0.73,0.0,1.55,0.27,0.99
Denton,2020-04-28,0.67,0.0,1.52,0.22,0.93
Denton,2020-04-29,0.6900000000000001,0.0,1.54,0.29,1.0
Denton,2020-04-30,0.7000000000000001,0.0,1.56,0.27,0.99
Denton,2020-05-01,0.72,0.0,1.57,0.26,0.99
Denton,2020-05-02,0.66,0.0,1.54,0.29,1.0
Denton,2020-05-03,0.68,0.0,1.56,0.26,0.98
Denton,2020-05-04,0.62,0.0,1.53,0.2,0.91
Denton,2020-05-05,0.71,0.0,1.6,0.25,0.99
Denton,2020-05-06,0.93,0.04,1.78,0.45,1.24
Denton,2020-05-07,1.05,0.07,1.8800000000000001,0.6,1.4000000000000001
Denton,2020-05-08,1.1400000000000001,0.15,1.99,0.6900000000000001,1.49
Denton,2020-05-09,1.12,0.12,1.93,0.63,1.42
Denton,2020-05-10,0.99,0.07,1.79,0.51,1.28
Denton,2020-05-11,0.88,0.02,1.6600000000000001,0.41000000000000003,1.16
El Paso,2020-04-10,1.25,0.0,2.97,0.31,1.72
El Paso,2020-04-11,0.8,0.0,2.14,0.17,1.17
El Paso,2020-04-12,0.72,0.0,1.8800000000000001,0.23,1.1
El Paso,2020-04-13,0.8,0.0,1.79,0.36,1.18
El Paso,2020-04-14,1.11,0.15,2.04,0.62,1.46
El Paso,2020-04-15,1.35,0.3,2.21,0.92,1.72
El Paso,2020-04-16,1.44,0.49,2.3000000000000003,1.01,1.76
El Paso,2020-04-17,1.3800000000000001,0.45,2.17,0.96,1.67
El Paso,2020-04-18,1.2,0.3,1.94,0.81,1.49
El Paso,2020-04-19,0.98,0.13,1.68,0.56,1.23
El Paso,2020-04-20,0.9400000000000001,0.09,1.62,0.58,1.24
El Paso,2020-04-21,0.98,0.17,1.71,0.56,1.23
El Paso,2020-04-22,1.09,0.23,1.81,0.68,1.35
El Paso,2020-04-23,1.24,0.4,1.99,0.84,1.5
El Paso,2020-04-24,1.26,0.44,2.0,0.85,1.5
El Paso,2020-04-25,1.24,0.4,1.94,0.9,1.53
El Paso,2020-04-26,1.1300000000000001,0.31,1.82,0.74,1.37
El Paso,2020-04-27,0.99,0.19,1.6600000000000001,0.65,1.27
El Paso,2020-04-28,0.92,0.14,1.59,0.52,1.1500000000000001
El Paso,2020-04-29,0.86,0.08,1.51,0.47000000000000003,1.1
El Paso,2020-04-30,0.84,0.06,1.49,0.47000000000000003,1.1
El Paso,2020-05-01,0.8200000000000001,0.03,1.46,0.4,1.04
El Paso,2020-05-02,0.8,0.04,1.46,0.39,1.03
El Paso,2020-05-03,0.81,0.05,1.49,0.39,1.04
El Paso,2020-05-04,0.87,0.08,1.56,0.45,1.11
El Paso,2020-05-05,1.06,0.22,1.79,0.66,1.33
El Paso,2020-05-06,1.32,0.48,2.07,0.91,1.57
El Paso,2020-05-07,1.5,0.67,2.21,1.1300000000000001,1.76
El Paso,2020-05-08,1.51,0.75,2.22,1.1300000000000001,1.74
El Paso,2020-05-09,1.42,0.66,2.09,1.06,1.6500000000000001
El Paso,2020-05-10,1.23,0.51,1.9100000000000001,0.88,1.46
El Paso,2020-05-11,1.08,0.36,1.75,0.72,1.3
Fort Bend,2020-04-03,0.99,0.0,2.79,0.22,1.52
Fort Bend,2020-04-04,0.79,0.0,2.15,0.21,1.21
Fort Bend,2020-04-05,1.17,0.08,2.23,0.58,1.56
Fort Bend,2020-04-06,1.3900000000000001,0.23,2.34,0.92,1.82
Fort Bend,2020-04-07,1.6,0.5700000000000001,2.54,1.1,1.92
Fort Bend,2020-04-08,1.6600000000000001,0.71,2.5100000000000002,1.24,1.98
Fort Bend,2020-04-09,1.5,0.6,2.2800000000000002,1.1,1.79
Fort Bend,2020-04-10,1.19,0.32,1.92,0.84,1.5
Fort Bend,2020-04-11,0.88,0.11,1.58,0.47000000000000003,1.12
Fort Bend,2020-04-12,0.7000000000000001,0.0,1.36,0.28,0.91
Fort Bend,2020-04-13,0.63,0.0,1.33,0.23,0.85
Fort Bend,2020-04-14,0.7000000000000001,0.0,1.4000000000000001,0.32,0.96
Fort Bend,2020-04-15,1.02,0.14,1.74,0.61,1.3
Fort Bend,2020-04-16,1.16,0.28,1.9100000000000001,0.73,1.42
Fort Bend,2020-04-17,1.27,0.39,2.0100000000000002,0.87,1.54
Fort Bend,2020-04-18,1.19,0.32,1.9000000000000001,0.85,1.5
Fort Bend,2020-04-19,0.92,0.13,1.61,0.55,1.19
Fort Bend,2020-04-20,0.89,0.1,1.57,0.47000000000000003,1.12
Fort Bend,2020-04-21,0.79,0.02,1.44,0.39,1.03
Fort Bend,2020-04-22,0.68,0.0,1.36,0.26,0.89
Fort Bend,2020-04-23,0.79,0.02,1.47,0.35000000000000003,1.01
Fort Bend,2020-04-24,0.76,0.02,1.46,0.41000000000000003,1.06
Fort Bend,2020-04-25,0.6900000000000001,0.0,1.4000000000000001,0.33,0.97
Fort Bend,2020-04-26,0.61,0.0,1.36,0.23,0.86
Fort Bend,2020-04-27,0.54,0.0,1.33,0.22,0.8300000000000001
Fort Bend,2020-04-28,0.73,0.0,1.47,0.33,1.0
Fort Bend,2020-04-29,0.9,0.06,1.6400000000000001,0.53,1.23
Fort Bend,2020-04-30,1.12,0.22,1.9000000000000001,0.68,1.4000000000000001
Fort Bend,2020-05-01,1.25,0.34,2.0300000000000002,0.88,1.58
Fort Bend,2020-05-02,1.28,0.41000000000000003,2.06,0.84,1.53
Fort Bend,2020-05-03,1.33,0.45,2.07,0.91,1.58
Fort Bend,2020-05-04,1.23,0.38,1.96,0.86,1.51
Fort Bend,2020-05-05,1.22,0.37,1.93,0.86,1.5
Fort Bend,2020-05-06,1.18,0.34,1.8800000000000001,0.78,1.42
Fort Bend,2020-05-07,1.09,0.28,1.79,0.72,1.35
Fort Bend,2020-05-08,0.9400000000000001,0.14,1.61,0.5700000000000001,1.2
Fort Bend,2020-05-09,0.85,0.06,1.49,0.46,1.09
Fort Bend,2020-05-10,0.63,0.0,1.3,0.27,0.87
Fort Bend,2020-05-11,0.46,0.0,1.22,0.12,0.6900000000000001
Galveston,2020-03-29,2.2800000000000002,0.0,4.74,1.05,3.29
Galveston,2020-03-30,2.17,0.16,3.95,1.2,2.91
Galveston,2020-03-31,1.73,0.11,3.18,0.9500000000000001,2.34
Galveston,2020-04-01,1.52,0.08,2.7800000000000002,0.8200000000000001,2.04
Galveston,2020-04-02,1.93,0.49,3.19,1.35,2.48
Galveston,2020-04-03,1.95,0.64,3.1,1.35,2.37
Galveston,2020-04-04,2.0,0.81,3.0500000000000003,1.48,2.4
Galveston,2020-04-05,1.95,0.89,2.94,1.49,2.33
Galveston,2020-04-06,1.7,0.66,2.59,1.26,2.05
Galveston,2020-04-07,1.43,0.43,2.2800000000000002,1.02,1.78
Galveston,2020-04-08,1.27,0.31,2.1,0.8200000000000001,1.57
Galveston,2020-04-09,1.06,0.13,1.83,0.6,1.34
Galveston,2020-04-10,1.05,0.1,1.8,0.61,1.35
Galveston,2020-04-11,0.99,0.07,1.74,0.53,1.27
Galveston,2020-04-12,0.93,0.04,1.68,0.46,1.2
Galveston,2020-04-13,0.8300000000000001,0.0,1.58,0.43,1.1500000000000001
Galveston,2020-04-14,0.77,0.0,1.55,0.31,1.03
Galveston,2020-04-15,0.77,0.0,1.57,0.29,1.02
Galveston,2020-04-16,0.84,0.0,1.6300000000000001,0.35000000000000003,1.1
Galveston,2020-04-17,0.84,0.0,1.6400000000000001,0.38,1.1300000000000001
Galveston,2020-04-18,0.78,0.0,1.6,0.32,1.06
Galveston,2020-04-19,0.72,0.0,1.57,0.26,0.99
Galveston,2020-04-20,0.66,0.0,1.54,0.2,0.92
Galveston,2020-04-21,0.59,0.0,1.52,0.21,0.91
Galveston,2020-04-22,0.68,0.0,1.59,0.28,1.01
Galveston,2020-04-23,0.77,0.0,1.6500000000000001,0.3,1.06
Galveston,2020-04-24,0.78,0.01,1.6600000000000001,0.34,1.1
Galveston,2020-04-25,0.79,0.0,1.6600000000000001,0.29,1.06
Galveston,2020-04-26,0.65,0.0,1.57,0.21,0.9400000000000001
Galveston,2020-04-27,0.5700000000000001,0.0,1.54,0.2,0.91
Galveston,2020-04-28,0.58,0.0,1.56,0.19,0.91
Galveston,2020-04-29,0.77,0.0,1.68,0.26,1.04
Galveston,2020-04-30,0.93,0.02,1.8,0.45,1.26
Galveston,2020-05-01,1.05,0.08,1.93,0.55,1.3800000000000001
Galveston,2020-05-02,1.04,0.05,1.8800000000000001,0.53,1.35
Galveston,2020-05-03,0.97,0.02,1.79,0.47000000000000003,1.27
Galveston,2020-05-04,0.84,0.0,1.67,0.36,1.1300000000000001
Galveston,2020-05-05,0.6900000000000001,0.0,1.58,0.22,0.96
Galveston,2020-05-06,0.52,0.0,1.51,0.13,0.8300000000000001
Galveston,2020-05-07,0.46,0.0,1.48,0.12,0.8
Galveston,2020-05-08,0.38,0.0,1.42,0.12,0.75
Galveston,2020-05-09,0.37,0.0,1.4000000000000001,0.07,0.6900000000000001
Galveston,2020-05-10,0.38,0.0,1.44,0.12,0.75
Galveston,2020-05-11,0.36,0.0,1.42,0.07,0.6900000000000001
Harris,2020-03-25,2.5100000000000002,0.53,4.17,1.6400000000000001,3.18
Harris,2020-03-26,3.13,1.81,4.29,2.54,3.56
Harris,2020-03-27,2.87,1.85,3.7600000000000002,2.38,3.17
Harris,2020-03-28,2.57,1.73,3.33,2.18,2.84
Harris,2020-03-29,2.33,1.57,2.99,2.02,2.6
Harris,2020-03-30,2.18,1.48,2.7800000000000002,1.9000000000000001,2.43
Harris,2020-03-31,1.99,1.33,2.5500000000000003,1.7,2.2
Harris,2020-04-01,1.8800000000000001,1.27,2.43,1.59,2.07
Harris,2020-04-02,1.74,1.1500000000000001,2.27,1.48,1.94
Harris,2020-04-03,1.7,1.12,2.21,1.43,1.8800000000000001
Harris,2020-04-04,1.9100000000000001,1.36,2.41,1.68,2.11
Harris,2020-04-05,2.02,1.49,2.49,1.79,2.2
Harris,2020-04-06,2.02,1.51,2.46,1.79,2.18
Harris,2020-04-07,2.3000000000000003,1.84,2.73,2.07,2.44
Harris,2020-04-08,2.14,1.68,2.52,1.9100000000000001,2.2600000000000002
Harris,2020-04-09,1.9000000000000001,1.47,2.27,1.7,2.0300000000000002
Harris,2020-04-10,1.48,1.05,1.84,1.26,1.59
Harris,2020-04-11,0.92,0.49,1.29,0.72,1.05
Harris,2020-04-12,0.49,0.08,0.86,0.26,0.6
Harris,2020-04-13,0.19,0.0,0.59,0.01,0.28
Harris,2020-04-14,0.05,0.0,0.47000000000000003,0.0,0.19
Harris,2020-04-15,0.27,0.0,0.65,0.13,0.42
Harris,2020-04-16,0.49,0.05,0.91,0.28,0.65
Harris,2020-04-17,0.79,0.25,1.24,0.54,0.9500000000000001
Harris,2020-04-18,0.88,0.35000000000000003,1.34,0.63,1.04
Harris,2020-04-19,0.88,0.34,1.33,0.62,1.03
Harris,2020-04-20,0.76,0.25,1.23,0.51,0.92
Harris,2020-04-21,0.66,0.12,1.1,0.43,0.84
Harris,2020-04-22,0.6,0.06,1.03,0.32,0.74
Harris,2020-04-23,0.5700000000000001,0.03,1.0,0.32,0.74
Harris,2020-04-24,0.6,0.05,1.05,0.35000000000000003,0.78
Harris,2020-04-25,0.67,0.1,1.1400000000000001,0.37,0.8200000000000001
Harris,2020-04-26,0.76,0.19,1.26,0.49,0.9400000000000001
Harris,2020-04-27,0.91,0.35000000000000003,1.44,0.66,1.11
Harris,2020-04-28,1.04,0.48,1.56,0.76,1.21
Harris,2020-04-29,1.21,0.65,1.71,0.93,1.37
Harris,2020-04-30,1.33,0.8,1.83,1.05,1.48
Harris,2020-05-01,1.33,0.79,1.8,1.06,1.48
Harris,2020-05-02,1.21,0.66,1.6600000000000001,0.96,1.37
Harris,2020-05-03,1.05,0.54,1.53,0.8,1.21
Harris,2020-05-04,0.89,0.36,1.36,0.67,1.08
Harris,2020-05-05,0.8,0.27,1.28,0.55,0.97
Harris,2020-05-06,0.85,0.32,1.35,0.58,1.01
Harris,2020-05-07,1.01,0.45,1.49,0.74,1.17
Harris,2020-05-08,1.07,0.53,1.56,0.79,1.22
Harris,2020-05-09,1.12,0.58,1.6,0.87,1.29
Harris,2020-05-10,1.05,0.53,1.54,0.79,1.21
Harris,2020-05-11,0.98,0.46,1.47,0.72,1.1400000000000001
Hidalgo,2020-04-02,1.67,0.0,4.34,0.34,2.41
Hidalgo,2020-04-03,1.32,0.0,3.25,0.31,1.85
Hidalgo,2020-04-04,0.87,0.0,2.65,0.18,1.41
Hidalgo,2020-04-05,0.56,0.0,2.32,0.14,1.2
Hidalgo,2020-04-06,0.65,0.0,2.21,0.24,1.25
Hidalgo,2020-04-07,0.9,0.0,2.22,0.33,1.36
Hidalgo,2020-04-08,1.3,0.05,2.44,0.61,1.7
Hidalgo,2020-04-09,1.43,0.18,2.5500000000000003,0.8,1.85
Hidalgo,2020-04-10,1.35,0.14,2.38,0.74,1.73
Hidalgo,2020-04-11,1.21,0.11,2.2,0.62,1.56
Hidalgo,2020-04-12,1.17,0.08,2.11,0.61,1.52
Hidalgo,2020-04-13,0.92,0.0,1.83,0.38,1.23
Hidalgo,2020-04-14,0.92,0.0,1.82,0.43,1.27
Hidalgo,2020-04-15,0.8300000000000001,0.0,1.76,0.3,1.12
Hidalgo,2020-04-16,0.8200000000000001,0.0,1.76,0.3,1.12
Hidalgo,2020-04-17,0.8200000000000001,0.0,1.76,0.29,1.11
Hidalgo,2020-04-18,0.8200000000000001,0.0,1.76,0.29,1.11
Hidalgo,2020-04-19,0.73,0.0,1.7,0.29,1.08
Hidalgo,2020-04-20,0.63,0.0,1.6600000000000001,0.19,0.96
Hidalgo,2020-04-21,0.63,0.0,1.67,0.25,1.02
Hidalgo,2020-04-22,0.64,0.0,1.68,0.2,0.98
Hidalgo,2020-04-23,0.55,0.0,1.6400000000000001,0.21,0.96
Hidalgo,2020-04-24,0.56,0.0,1.6600000000000001,0.18,0.9400000000000001
Hidalgo,2020-04-25,0.49,0.0,1.61,0.11,0.85
Hidalgo,2020-04-26,0.5,0.0,1.6300000000000001,0.18,0.92
Hidalgo,2020-04-27,0.44,0.0,1.6,0.1,0.8200000000000001
Hidalgo,2020-04-28,0.45,0.0,1.62,0.11,0.84
Hidalgo,2020-04-29,0.53,0.0,1.7,0.2,0.97
Hidalgo,2020-04-30,0.55,0.0,1.71,0.17,0.9500000000000001
Hidalgo,2020-05-01,0.56,0.0,1.73,0.15,0.9400000000000001
Hidalgo,2020-05-02,0.5700000000000001,0.0,1.74,0.21,1.0
Hidalgo,2020-05-03,0.49,0.0,1.68,0.16,0.92
Hidalgo,2020-05-04,0.43,0.0,1.6400000000000001,0.13,0.86
Hidalgo,2020-05-05,0.51,0.0,1.73,0.15,0.93
Hidalgo,2020-05-06,0.52,0.0,1.74,0.13,0.92
Hidalgo,2020-05-07,0.75,0.0,1.8900000000000001,0.25,1.12
Hidalgo,2020-05-08,0.76,0.0,1.8800000000000001,0.25,1.12
Hidalgo,2020-05-09,0.77,0.0,1.8800000000000001,0.24,1.11
Hidalgo,2020-05-10,0.77,0.0,1.87,0.23,1.1
Hidalgo,2020-05-11,0.77,0.0,1.87,0.22,1.09
Jefferson,2020-04-21,1.61,0.0,4.18,0.35000000000000003,2.34
Jefferson,2020-04-22,1.29,0.0,3.15,0.29,1.78
Jefferson,2020-04-23,1.3800000000000001,0.0,2.86,0.55,1.8900000000000001
Jefferson,2020-04-24,1.27,0.02,2.57,0.53,1.72
Jefferson,2020-04-25,1.19,0.01,2.37,0.59,1.68
Jefferson,2020-04-26,1.1400000000000001,0.0,2.23,0.5,1.53
Jefferson,2020-04-27,1.0,0.0,2.06,0.38,1.34
Jefferson,2020-04-28,0.89,0.0,1.94,0.35000000000000003,1.25
Jefferson,2020-04-29,0.78,0.0,1.84,0.24,1.1
Jefferson,2020-04-30,0.56,0.0,1.7,0.13,0.92
Jefferson,2020-05-01,0.48,0.0,1.6500000000000001,0.15,0.9
Jefferson,2020-05-02,0.43,0.0,1.6,0.13,0.85
Jefferson,2020-05-03,0.4,0.0,1.57,0.07,0.77
Jefferson,2020-05-04,0.42,0.0,1.59,0.08,0.79
Jefferson,2020-05-05,0.43,0.0,1.61,0.1,0.8200000000000001
Jefferson,2020-05-06,0.51,0.0,1.7,0.12,0.89
Jefferson,2020-05-07,0.61,0.0,1.77,0.19,1.0
Jefferson,2020-05-08,0.74,0.0,1.84,0.23,1.08
Jefferson,2020-05-09,0.85,0.0,1.9000000000000001,0.3,1.18
Jefferson,2020-05-10,0.9500000000000001,0.0,1.95,0.38,1.28
Jefferson,2020-05-11,0.9500000000000001,0.0,1.93,0.37,1.26
Lubbock,2020-03-30,2.08,0.0,4.38,0.96,3.0300000000000002
Lubbock,2020-03-31,1.76,0.01,3.38,0.84,2.4
Lubbock,2020-04-01,1.6500000000000001,0.08,3.0,0.87,2.19
Lubbock,2020-04-02,1.46,0.08,2.65,0.76,1.92
Lubbock,2020-04-03,1.1400000000000001,0.02,2.23,0.55,1.57
Lubbock,2020-04-04,1.1,0.01,2.12,0.52,1.49
Lubbock,2020-04-05,0.98,0.0,1.97,0.46,1.37
Lubbock,2020-04-06,1.1400000000000001,0.04,2.08,0.59,1.51
Lubbock,2020-04-07,1.18,0.1,2.12,0.65,1.55
Lubbock,2020-04-08,1.21,0.12,2.12,0.6900000000000001,1.57
Lubbock,2020-04-09,1.24,0.19,2.16,0.72,1.58
Lubbock,2020-04-10,1.31,0.23,2.2,0.81,1.6500000000000001
Lubbock,2020-04-11,1.26,0.22,2.13,0.75,1.57
Lubbock,2020-04-12,1.27,0.25,2.13,0.79,1.59
Lubbock,2020-04-13,1.27,0.24,2.1,0.84,1.62
Lubbock,2020-04-14,1.28,0.27,2.1,0.81,1.58
Lubbock,2020-04-15,1.23,0.26,2.05,0.76,1.52
Lubbock,2020-04-16,1.1500000000000001,0.18,1.93,0.68,1.43
Lubbock,2020-04-17,1.04,0.1,1.79,0.58,1.32
Lubbock,2020-04-18,0.93,0.04,1.67,0.48,1.21
Lubbock,2020-04-19,0.8300000000000001,0.0,1.57,0.37,1.09
Lubbock,2020-04-20,0.65,0.0,1.47,0.28,0.96
Lubbock,2020-04-21,0.58,0.0,1.45,0.16,0.84
Lubbock,2020-04-22,0.66,0.0,1.52,0.22,0.93
Lubbock,2020-04-23,0.61,0.0,1.5,0.18,0.88
Lubbock,2020-04-24,0.48,0.0,1.44,0.14,0.8
Lubbock,2020-04-25,0.44,0.0,1.42,0.11,0.76
Lubbock,2020-04-26,0.38,0.0,1.37,0.08,0.6900000000000001
Lubbock,2020-04-27,0.34,0.0,1.31,0.09,0.66
Lubbock,2020-04-28,0.38,0.0,1.4000000000000001,0.07,0.6900000000000001
Lubbock,2020-04-29,0.44,0.0,1.48,0.14,0.8
Lubbock,2020-04-30,0.51,0.0,1.56,0.13,0.84
Lubbock,2020-05-01,0.6,0.0,1.6400000000000001,0.18,0.93
Lubbock,2020-05-02,0.62,0.0,1.6500000000000001,0.18,0.9400000000000001
Lubbock,2020-05-03,0.55,0.0,1.61,0.21,0.9400000000000001
Lubbock,2020-05-04,0.49,0.0,1.57,0.16,0.87
Lubbock,2020-05-05,0.44,0.0,1.54,0.12,0.81
Lubbock,2020-05-06,0.45,0.0,1.56,0.14,0.84
Lubbock,2020-05-07,0.46,0.0,1.58,0.16,0.87
Lubbock,2020-05-08,0.48,0.0,1.61,0.19,0.91
Lubbock,2020-05-09,0.43,0.0,1.57,0.11,0.81
Lubbock,2020-05-10,0.4,0.0,1.53,0.08,0.76
Lubbock,2020-05-11,0.41000000000000003,0.0,1.56,0.1,0.79
Montgomery,2020-03-30,1.67,0.0,4.34,0.34,2.41
Montgomery,2020-03-31,1.32,0.0,3.25,0.31,1.85
Montgomery,2020-04-01,1.42,0.01,2.96,0.54,1.93
Montgomery,2020-04-02,1.29,0.01,2.64,0.53,1.76
Montgomery,2020-04-03,1.21,0.0,2.43,0.5,1.6300000000000001
Montgomery,2020-04-04,1.03,0.0,2.2,0.37,1.4000000000000001
Montgomery,2020-04-05,1.23,0.04,2.31,0.66,1.69
Montgomery,2020-04-06,1.28,0.07,2.3000000000000003,0.67,1.67
Montgomery,2020-04-07,1.46,0.22,2.48,0.91,1.8800000000000001
Montgomery,2020-04-08,1.45,0.27,2.44,0.88,1.81
Montgomery,2020-04-09,1.37,0.22,2.3000000000000003,0.8200000000000001,1.71
Montgomery,2020-04-10,1.19,0.12,2.07,0.71,1.56
Montgomery,2020-04-11,0.98,0.04,1.83,0.46,1.28
Montgomery,2020-04-12,0.97,0.05,1.83,0.43,1.25
Montgomery,2020-04-13,1.02,0.04,1.86,0.54,1.36
Montgomery,2020-04-14,1.19,0.14,2.05,0.73,1.56
Montgomery,2020-04-15,1.37,0.3,2.2600000000000002,0.92,1.74
Montgomery,2020-04-16,1.36,0.33,2.24,0.9,1.7
Montgomery,2020-04-17,1.21,0.22,2.05,0.76,1.54
Montgomery,2020-04-18,0.98,0.06,1.76,0.53,1.29
Montgomery,2020-04-19,0.81,0.0,1.59,0.32,1.06
Montgomery,2020-04-20,0.81,0.0,1.61,0.37,1.11
Montgomery,2020-04-21,0.93,0.03,1.73,0.48,1.25
Montgomery,2020-04-22,1.1500000000000001,0.14,1.97,0.65,1.45
Montgomery,2020-04-23,1.22,0.2,2.05,0.75,1.54
Montgomery,2020-04-24,1.18,0.2,2.0100000000000002,0.7000000000000001,1.48
Montgomery,2020-04-25,1.11,0.15,1.9100000000000001,0.6900000000000001,1.45
Montgomery,2020-04-26,0.99,0.07,1.76,0.55,1.3
Montgomery,2020-04-27,0.98,0.05,1.74,0.55,1.3
Montgomery,2020-04-28,1.03,0.11,1.82,0.55,1.31
Montgomery,2020-04-29,1.11,0.13,1.8900000000000001,0.66,1.42
Montgomery,2020-04-30,1.09,0.12,1.86,0.68,1.43
Montgomery,2020-05-01,1.02,0.08,1.78,0.55,1.3
Montgomery,2020-05-02,0.8200000000000001,0.0,1.56,0.35000000000000003,1.07
Montgomery,2020-05-03,0.63,0.0,1.46,0.23,0.91
Montgomery,2020-05-04,0.49,0.0,1.41,0.15,0.8
Montgomery,2020-05-05,0.51,0.0,1.44,0.18,0.84
Montgomery,2020-05-06,0.53,0.0,1.47,0.14,0.8200000000000001
Montgomery,2020-05-07,0.62,0.0,1.54,0.22,0.93
Montgomery,2020-05-08,0.5700000000000001,0.0,1.51,0.17,0.87
Montgomery,2020-05-09,0.46,0.0,1.44,0.12,0.78
Montgomery,2020-05-10,0.35000000000000003,0.0,1.34,0.08,0.67
Montgomery,2020-05-11,0.32,0.0,1.29,0.03,0.59
Moore,2020-04-16,2.17,0.0,4.55,0.98,3.13
Moore,2020-04-17,1.82,0.03,3.5100000000000002,0.91,2.52
Moore,2020-04-18,1.69,0.08,3.09,0.93,2.29
Moore,2020-04-19,1.62,0.14,2.86,0.89,2.1
Moore,2020-04-20,1.47,0.14,2.6,0.8300000000000001,1.92
Moore,2020-04-21,1.37,0.11,2.4,0.8,1.81
Moore,2020-04-22,1.22,0.06,2.18,0.65,1.6
Moore,2020-04-23,1.3900000000000001,0.19,2.35,0.84,1.77
Moore,2020-04-24,1.45,0.28,2.39,0.93,1.82
Moore,2020-04-25,1.48,0.38,2.42,1.0,1.85
Moore,2020-04-26,1.45,0.37,2.34,0.96,1.78
Moore,2020-04-27,1.42,0.41000000000000003,2.31,0.96,1.75
Moore,2020-04-28,1.31,0.3,2.14,0.85,1.62
Moore,2020-04-29,1.17,0.23,2.0,0.7000000000000001,1.46
Moore,2020-04-30,1.1,0.17,1.9000000000000001,0.65,1.4000000000000001
Moore,2020-05-01,1.08,0.15,1.87,0.62,1.37
Moore,2020-05-02,1.11,0.18,1.9100000000000001,0.65,1.4000000000000001
Moore,2020-05-03,1.09,0.14,1.86,0.68,1.42
Moore,2020-05-04,0.98,0.07,1.73,0.5,1.24
Moore,2020-05-05,0.97,0.06,1.72,0.51,1.25
Moore,2020-05-06,0.92,0.03,1.6600000000000001,0.5,1.23
Moore,2020-05-07,0.92,0.06,1.69,0.44,1.18
Moore,2020-05-08,0.92,0.03,1.67,0.45,1.19
Moore,2020-05-09,0.86,0.0,1.61,0.43,1.16
Moore,2020-05-10,0.81,0.0,1.58,0.32,1.05
Moore,2020-05-11,0.76,0.0,1.55,0.29,1.01
Potter,2020-04-24,1.74,0.05,3.36,0.8300000000000001,2.36
Potter,2020-04-25,1.92,0.45,3.2,1.27,2.43
Potter,2020-04-26,1.78,0.56,2.85,1.23,2.18
Potter,2020-04-27,1.7,0.65,2.65,1.19,2.02
Potter,2020-04-28,1.73,0.78,2.58,1.3,2.04
Potter,2020-04-29,1.83,0.97,2.61,1.41,2.09
Potter,2020-04-30,1.93,1.1300000000000001,2.64,1.58,2.2
Potter,2020-05-01,1.95,1.19,2.6,1.6,2.18
Potter,2020-05-02,1.75,1.05,2.38,1.41,1.96
Potter,2020-05-03,1.5,0.8200000000000001,2.11,1.2,1.73
Potter,2020-05-04,1.23,0.56,1.84,0.9,1.43
Potter,2020-05-05,1.03,0.33,1.62,0.72,1.25
Potter,2020-05-06,0.93,0.25,1.54,0.61,1.1500000000000001
Potter,2020-05-07,0.9,0.2,1.5,0.56,1.11
Potter,2020-05-08,0.84,0.12,1.42,0.48,1.04
Potter,2020-05-09,0.73,0.04,1.3,0.36,0.92
Potter,2020-05-10,0.58,0.0,1.18,0.25,0.79
Potter,2020-05-11,0.34,0.0,1.02,0.07,0.54
Randall,2020-04-26,1.61,0.0,4.18,0.35000000000000003,2.34
Randall,2020-04-27,1.58,0.0,3.35,0.65,2.23
Randall,2020-04-28,1.37,0.01,2.83,0.62,1.94
Randall,2020-04-29,1.41,0.02,2.66,0.71,1.92
Randall,2020-04-30,1.42,0.09,2.58,0.78,1.9000000000000001
Randall,2020-05-01,1.42,0.14,2.5100000000000002,0.8,1.85
Randall,2020-05-02,1.33,0.11,2.34,0.79,1.77
Randall,2020-05-03,1.27,0.12,2.24,0.6900000000000001,1.6300000000000001
Randall,2020-05-04,1.22,0.11,2.15,0.7000000000000001,1.6
Randall,2020-05-05,1.12,0.06,2.0,0.58,1.45
Randall,2020-05-06,1.09,0.07,1.97,0.6,1.45
Randall,2020-05-07,1.01,0.02,1.85,0.5,1.33
Randall,2020-05-08,0.86,0.0,1.72,0.34,1.1400000000000001
Randall,2020-05-09,0.7000000000000001,0.0,1.62,0.22,0.98
Randall,2020-05-10,0.44,0.0,1.49,0.13,0.81
Randall,2020-05-11,0.36,0.0,1.42,0.1,0.73
Tarrant,2020-03-31,2.56,0.59,4.28,1.71,3.27
Tarrant,2020-04-01,2.4,0.99,3.63,1.75,2.84
Tarrant,2020-04-02,1.9100000000000001,0.76,2.91,1.46,2.34
Tarrant,2020-04-03,1.54,0.51,2.41,1.11,1.8900000000000001
Tarrant,2020-04-04,1.24,0.31,2.05,0.8,1.53
Tarrant,2020-04-05,1.04,0.16,1.78,0.6,1.3
Tarrant,2020-04-06,1.17,0.28,1.92,0.74,1.43
Tarrant,2020-04-07,1.31,0.46,2.07,0.89,1.56
Tarrant,2020-04-08,1.47,0.62,2.18,1.08,1.72
Tarrant,2020-04-09,1.6,0.84,2.32,1.24,1.85
Tarrant,2020-04-10,1.54,0.77,2.2,1.18,1.77
Tarrant,2020-04-11,1.45,0.73,2.11,1.1,1.67
Tarrant,2020-04-12,1.3,0.58,1.94,0.97,1.53
Tarrant,2020-04-13,1.19,0.48,1.83,0.84,1.4000000000000001
Tarrant,2020-04-14,1.22,0.5,1.85,0.87,1.43
Tarrant,2020-04-15,1.27,0.55,1.8900000000000001,0.9400000000000001,1.49
Tarrant,2020-04-16,1.3,0.6,1.92,1.0,1.54
Tarrant,2020-04-17,1.26,0.58,1.8800000000000001,0.92,1.46
Tarrant,2020-04-18,1.05,0.38,1.67,0.7000000000000001,1.24
Tarrant,2020-04-19,0.86,0.19,1.46,0.52,1.06
Tarrant,2020-04-20,0.78,0.1,1.36,0.43,0.98
Tarrant,2020-04-21,0.9400000000000001,0.2,1.54,0.62,1.18
Tarrant,2020-04-22,1.33,0.64,1.99,0.98,1.54
Tarrant,2020-04-23,1.72,1.05,2.34,1.42,1.95
Tarrant,2020-04-24,1.9000000000000001,1.24,2.46,1.61,2.11
Tarrant,2020-04-25,1.77,1.1400000000000001,2.3000000000000003,1.46,1.94
Tarrant,2020-04-26,1.48,0.89,2.0100000000000002,1.21,1.67
Tarrant,2020-04-27,1.17,0.56,1.68,0.89,1.35
Tarrant,2020-04-28,0.93,0.32,1.45,0.63,1.1
Tarrant,2020-04-29,0.86,0.27,1.41,0.55,1.03
Tarrant,2020-04-30,0.92,0.31,1.48,0.61,1.1
Tarrant,2020-05-01,1.05,0.4,1.59,0.75,1.24
Tarrant,2020-05-02,1.07,0.44,1.62,0.76,1.25
Tarrant,2020-05-03,1.0,0.39,1.56,0.75,1.23
Tarrant,2020-05-04,0.92,0.31,1.48,0.61,1.1
Tarrant,2020-05-05,0.9,0.27,1.45,0.61,1.1
Tarrant,2020-05-06,1.05,0.43,1.62,0.77,1.26
Tarrant,2020-05-07,1.24,0.64,1.81,0.97,1.45
Tarrant,2020-05-08,1.82,1.21,2.34,1.58,2.04
Tarrant,2020-05-09,2.04,1.49,2.54,1.81,2.24
Tarrant,2020-05-10,2.15,1.6300000000000001,2.61,1.8800000000000001,2.29
Tarrant,2020-05-11,2.15,1.6500000000000001,2.57,1.9100000000000001,2.29
Travis,2020-04-01,2.95,0.93,4.65,2.15,3.69
Travis,2020-04-02,2.5300000000000002,1.1500000000000001,3.73,1.93,2.99
Travis,2020-04-03,2.16,1.05,3.13,1.6300000000000001,2.49
Travis,2020-04-04,1.75,0.76,2.59,1.31,2.06
Travis,2020-04-05,1.37,0.47000000000000003,2.16,0.9400000000000001,1.6400000000000001
Travis,2020-04-06,1.1500000000000001,0.26,1.87,0.76,1.43
Travis,2020-04-07,1.09,0.26,1.82,0.68,1.34
Travis,2020-04-08,1.07,0.25,1.79,0.68,1.33
Travis,2020-04-09,1.21,0.4,1.95,0.85,1.49
Travis,2020-04-10,1.23,0.4,1.93,0.86,1.49
Travis,2020-04-11,1.3,0.5,2.0,0.92,1.54
Travis,2020-04-12,1.27,0.48,1.95,0.96,1.56
Travis,2020-04-13,1.33,0.5700000000000001,2.0100000000000002,1.0,1.59
Travis,2020-04-14,1.34,0.61,2.02,1.0,1.58
Travis,2020-04-15,1.32,0.5700000000000001,1.96,0.99,1.56
Travis,2020-04-16,1.18,0.46,1.83,0.8200000000000001,1.3900000000000001
Travis,2020-04-17,1.02,0.3,1.6600000000000001,0.66,1.23
Travis,2020-04-18,0.8300000000000001,0.12,1.44,0.48,1.05
Travis,2020-04-19,0.8,0.08,1.4000000000000001,0.43,1.01
Travis,2020-04-20,0.76,0.04,1.36,0.43,1.01
Travis,2020-04-21,0.85,0.1,1.48,0.49,1.09
Travis,2020-04-22,1.02,0.22,1.67,0.65,1.26
Travis,2020-04-23,1.04,0.24,1.69,0.65,1.26
Travis,2020-04-24,0.97,0.21,1.6300000000000001,0.62,1.22
Travis,2020-04-25,0.86,0.1,1.48,0.48,1.08
Travis,2020-04-26,0.85,0.09,1.47,0.49,1.09
Travis,2020-04-27,0.92,0.16,1.58,0.56,1.17
Travis,2020-04-28,1.08,0.27,1.74,0.73,1.34
Travis,2020-04-29,1.1500000000000001,0.36,1.82,0.8200000000000001,1.42
Travis,2020-04-30,1.1400000000000001,0.37,1.81,0.76,1.36
Travis,2020-05-01,1.09,0.33,1.75,0.73,1.32
Travis,2020-05-02,0.96,0.23,1.62,0.59,1.18
Travis,2020-05-03,0.91,0.17,1.55,0.55,1.1400000000000001
Travis,2020-05-04,1.0,0.23,1.6500000000000001,0.62,1.22
Travis,2020-05-05,1.1400000000000001,0.38,1.81,0.8,1.3900000000000001
Travis,2020-05-06,1.26,0.54,1.95,0.93,1.51
Travis,2020-05-07,1.23,0.48,1.87,0.9,1.47
Travis,2020-05-08,1.11,0.37,1.74,0.75,1.32
Travis,2020-05-09,0.96,0.24,1.59,0.6,1.17
Travis,2020-05-10,0.84,0.12,1.44,0.48,1.05
Travis,2020-05-11,0.6900000000000001,0.02,1.27,0.35000000000000003,0.91
Walker,2020-04-22,2.56,0.06,4.7700000000000005,1.28,3.45
Walker,2020-04-23,1.96,0.1,3.5700000000000003,1.03,2.6
Walker,2020-04-24,1.76,0.17,3.12,0.99,2.3000000000000003
Walker,2020-04-25,1.31,0.01,2.45,0.61,1.73
Walker,2020-04-26,1.24,0.02,2.29,0.68,1.71
Walker,2020-04-27,1.09,0.04,2.12,0.5,1.46
Walker,2020-04-28,1.23,0.09,2.21,0.66,1.61
Walker,2020-04-29,1.26,0.12,2.2,0.6900000000000001,1.61
Walker,2020-04-30,1.34,0.2,2.27,0.81,1.7
Walker,2020-05-01,1.16,0.1,2.0300000000000002,0.65,1.5
Walker,2020-05-02,1.01,0.04,1.85,0.51,1.33
Walker,2020-05-03,0.8,0.0,1.6600000000000001,0.36,1.1300000000000001
Walker,2020-05-04,0.45,0.0,1.48,0.13,0.81
Walker,2020-05-05,0.41000000000000003,0.0,1.46,0.12,0.78
Walker,2020-05-06,0.48,0.0,1.54,0.17,0.87
Walker,2020-05-07,0.51,0.0,1.56,0.18,0.89
Walker,2020-05-08,0.52,0.0,1.58,0.19,0.91
Walker,2020-05-09,0.54,0.0,1.6,0.19,0.92
Walker,2020-05-10,0.43,0.0,1.51,0.12,0.8
Walker,2020-05-11,0.4,0.0,1.49,0.1,0.76
Washington,2020-04-26,1.67,0.0,4.34,0.34,2.41
Washington,2020-04-27,0.47000000000000003,0.0,3.04,0.17,1.57
Washington,2020-04-28,0.46,0.0,2.52,0.13,1.27
Washington,2020-04-29,0.39,0.0,2.11,0.05,0.97
Washington,2020-04-30,0.35000000000000003,0.0,1.85,0.03,0.81
Washington,2020-05-01,0.32,0.0,1.67,0.03,0.71
Washington,2020-05-02,0.3,0.0,1.53,0.01,0.62
Washington,2020-05-03,0.32,0.0,1.56,0.01,0.64
Washington,2020-05-04,0.33,0.0,1.59,0.07,0.71
Washington,2020-05-05,0.37,0.0,1.7,0.08,0.78
Washington,2020-05-06,0.42,0.0,1.81,0.12,0.88
Washington,2020-05-07,0.43,0.0,1.82,0.06,0.84
Washington,2020-05-08,0.43,0.0,1.83,0.07,0.86
Washington,2020-05-09,0.44,0.0,1.84,0.13,0.92
Washington,2020-05-10,0.45,0.0,1.85,0.11,0.91
Washington,2020-05-11,0.4,0.0,1.77,0.08,0.84
Webb,2020-04-03,1.67,0.0,4.34,0.34,2.41
Webb,2020-04-04,1.93,0.06,3.74,0.91,2.62
Webb,2020-04-05,1.58,0.04,3.06,0.74,2.14
Webb,2020-04-06,1.56,0.09,2.86,0.88,2.13
Webb,2020-04-07,1.42,0.1,2.61,0.71,1.85
Webb,2020-04-08,1.33,0.08,2.42,0.77,1.82
Webb,2020-04-09,1.26,0.06,2.2800000000000002,0.65,1.6500000000000001
Webb,2020-04-10,1.1300000000000001,0.03,2.1,0.59,1.53
Webb,2020-04-11,1.02,0.0,1.96,0.48,1.3800000000000001
Webb,2020-04-12,1.01,0.03,1.95,0.42,1.31
Webb,2020-04-13,0.99,0.0,1.9000000000000001,0.48,1.35
Webb,2020-04-14,0.98,0.03,1.9000000000000001,0.46,1.32
Webb,2020-04-15,0.97,0.04,1.8900000000000001,0.47000000000000003,1.32
Webb,2020-04-16,0.96,0.0,1.84,0.4,1.25
Webb,2020-04-17,0.9500000000000001,0.0,1.83,0.42,1.26
Webb,2020-04-18,0.87,0.0,1.76,0.34,1.16
Webb,2020-04-19,0.79,0.0,1.71,0.26,1.06
Webb,2020-04-20,0.6900000000000001,0.0,1.6600000000000001,0.28,1.05
Webb,2020-04-21,0.79,0.0,1.73,0.32,1.12
Webb,2020-04-22,0.87,0.0,1.79,0.33,1.16
Webb,2020-04-23,0.87,0.0,1.78,0.39,1.21
Webb,2020-04-24,0.87,0.0,1.78,0.37,1.19
Webb,2020-04-25,0.79,0.0,1.72,0.29,1.09
Webb,2020-04-26,0.6,0.0,1.62,0.19,0.9400000000000001
Webb,2020-04-27,0.44,0.0,1.53,0.1,0.8
Webb,2020-04-28,0.4,0.0,1.51,0.07,0.75
Webb,2020-04-29,0.38,0.0,1.48,0.05,0.71
Webb,2020-04-30,0.49,0.0,1.6300000000000001,0.19,0.92
Webb,2020-05-01,0.58,0.0,1.71,0.17,0.9500000000000001
Webb,2020-05-02,0.7000000000000001,0.0,1.78,0.22,1.04
Webb,2020-05-03,0.71,0.0,1.78,0.24,1.06
Webb,2020-05-04,0.72,0.0,1.78,0.26,1.08
Webb,2020-05-05,0.63,0.0,1.72,0.22,1.01
Webb,2020-05-06,0.63,0.0,1.73,0.18,0.98
Webb,2020-05-07,0.64,0.0,1.74,0.21,1.01
Webb,2020-05-08,0.64,0.0,1.75,0.17,0.98
Webb,2020-05-09,0.65,0.0,1.75,0.2,1.01
Webb,2020-05-10,0.66,0.0,1.76,0.24,1.05
Webb,2020-05-11,0.56,0.0,1.71,0.18,0.96
Williamson,2020-04-25,3.14,0.54,5.36,1.97,4.05
Williamson,2020-04-26,2.34,0.46,3.91,1.58,3.04
Williamson,2020-04-27,1.84,0.29,3.09,1.12,2.32
Williamson,2020-04-28,1.42,0.15,2.5100000000000002,0.85,1.8900000000000001
Williamson,2020-04-29,0.89,0.0,1.9000000000000001,0.35000000000000003,1.24
Williamson,2020-04-30,0.53,0.0,1.68,0.14,0.92
Williamson,2020-05-01,0.34,0.0,1.46,0.06,0.7000000000000001
Williamson,2020-05-02,0.34,0.0,1.43,0.06,0.68
Williamson,2020-05-03,0.4,0.0,1.52,0.08,0.75
Williamson,2020-05-04,0.42,0.0,1.54,0.12,0.8
Williamson,2020-05-05,0.44,0.0,1.56,0.09,0.79
Williamson,2020-05-06,0.46,0.0,1.58,0.1,0.81
Williamson,2020-05-07,0.54,0.0,1.6600000000000001,0.17,0.92
Williamson,2020-05-08,0.56,0.0,1.67,0.16,0.92
Williamson,2020-05-09,0.67,0.0,1.74,0.2,1.0
Williamson,2020-05-10,0.6900000000000001,0.0,1.74,0.23,1.03
Williamson,2020-05-11,0.7000000000000001,0.0,1.74,0.26,1.06
